adaptateur-pour-uretrotomie-1	instrument	autre	Adaptateur Pour Uretrotomie
aiguille-de-palmere-3	instrument	aiguilles-canules	Aiguille De Palmere
aiguille-de-ponction-long-4	instrument	aiguilles-canules	Aiguille De Ponction Long
aiguille-first-pass-pack-de-5-unite-5	instrument	aiguilles-canules	Aiguille First Pass Pack De 5 Unite
aiguille-palmere-6	instrument	aiguilles-canules	Aiguille Palmere
aiguilles-de-ponction-diam-05mm-7	instrument	aiguilles-canules	Aiguilles De Ponction Diam 05mm
aiguilles-de-verre-d-2-1mm-c12-l-15cm-8	instrument	aiguilles-canules	Aiguilles De Verre D 2.1mm C12 L 15cm
aiguilles-de-verre-d-2-1mm-l-12cm-9	instrument	aiguilles-canules	Aiguilles De Verre D 2.1mm L 12cm
amplificateur-cutane-10	equipment	autre	Amplificateur Cutane
appareil-de-radio-numerise-appareil-rxi-11	equipment	imagerie	Appareil De Radio Numerise Appareil Rxi
appareil-de-radio-numerise-l-appareil-rxi-12	equipment	imagerie	Appareil De Radio (Numérise) L'Appareil Rxi
appareil-de-radio-standard-mobile-pour-les-sur-place-13	equipment	imagerie	Appareil De Radio Standard Mobile (Pour Les Sur Place )
appareille-de-radio-frequence-pour-reeducation-winback-ou-medtronic-kinesitherapie-14	equipment	imagerie	Appareille De Radio Fréquence Pour Réeducation /Winback Ou Medtronic (Kinésithérapie)
arbre-flexible-tete-alesage-non-fixe-15	instrument	autre	Arbre Flexible Tete Alesage Non Fixe
arceau-mobile-scopie-16	equipment	imagerie	Arceau Mobile (Scopie)
armoire-de-stockage-pour-08-endoscopes-17	equipment	bloc-operatoire	Armoire De Stockage Pour 08 Endoscopes
arthropompe-18	equipment	bloc-operatoire	Arthropompe
aspirateur-chirurgical-19	equipment	autre	Aspirateur Chirurgical
assistants-d-instrumentation-pour-table-d-operation-20	equipment	bloc-operatoire	Assistants D'Instrumentation Pour Table D'Opération
autoclave-21	equipment	bloc-operatoire	Autoclave
autostatiques-11cm-3-x3-griffes-22	instrument	autre	Autostatiques 11cm 3 x3 Griffes
autostatiques-dos-dane-13cm-4-x-4-griffes-23	instrument	autre	Autostatiques Dos Dane 13cm 4 X 4 Griffes
batterie-autoclavable-microaire-25	instrument	autre	Batterie Autoclavable Microaire
bengolea-30cm-avec-griffe-26	instrument	autre	Bengolea 30cm Avec Griffe
bengolea-30cm-sans-griffe-27	instrument	autre	Bengolea 30cm Sans Griffe
bipolaire-pour-coelioscopie-28	instrument	optiques-endoscopie	Bipolaire Pour Coelioscopie
bocal-aspiration-pour-lipo-autoclavable-2-5l-29	instrument	autre	Bocal Aspiration Pour Lipo Autoclavable 2.5L
bocal-d-aspiration-pour-lipo-autoclavable-2-5l-30	instrument	autre	Bocal D'Aspiration Pour Lipo Autoclavable 2.5L
boite-ceolioscopie-complete-31	instrument	autre	Boite Ceolioscopie Complete
boite-d-alesage-et-guides-32	instrument	autre	Boite D'Alésage Et Guides
boquet-en-inox-pour-les-salles-operatoires-34	instrument	autre	Boquet En Inox Pour Les Salles Opératoires
cable-bipolaire-3m-35	instrument	cables-electrodes	Cable Bipolaire 3m
cable-de-lumiere-d4-8-36	instrument	cables-electrodes	Cable De Lumiere D4.8
cable-lumiere-37	equipment	autre	Cable Lumiére
cable-monopolaire-38	instrument	cables-electrodes	Cable Monopolaire
cable-monopolaire-erbe-3mm-39	instrument	cables-electrodes	Cable Monopolaire Erbe 3mm
cable-monopolaire-olympus-pour-urologie-40	instrument	cables-electrodes	Cable Monopolaire Olympus Pour Urologie
cables-bipolaire-type-de-connexion-valley-lab-3metre-41	instrument	cables-electrodes	Cables Bipolaire Type De Connexion Valley Lab 3METRE
cables-monopolaire-3-metre-42	instrument	cables-electrodes	Cables Monopolaire 3 Metre
camera-pour-urologie-pendule-43	equipment	autre	Camera Pour Urologie Pendulé
cannule-6mm-double-robinet-rotatif-44	instrument	aiguilles-canules	Cannule 6MM Double Robinet Rotatif
cannule-d-aspiration-45	instrument	aiguilles-canules	Cannule D'Aspiration
canule-aspiratif-irrigation-46	instrument	aiguilles-canules	Canule Aspiratif + Irrigation
canule-aspiration-47	instrument	aiguilles-canules	Canule Aspiration
canule-aspiration-18cm-diametre-10mm-90-fergusson-48	instrument	aiguilles-canules	Canule Aspiration 18cm Diametre 10mm 90 Fergusson
canule-aspiration-18cm-diametre-15mm-90-fergusson-49	instrument	aiguilles-canules	Canule Aspiration 18cm Diametre 15mm 90 Fergusson
canule-aspiration-18cm-diametre-5mm-90-fergusson-50	instrument	aiguilles-canules	Canule Aspiration 18cm Diametre 5mm 90 Fergusson
canule-aspiration-18cm-diametre-7mm-90-fergusson-51	instrument	aiguilles-canules	Canule Aspiration 18cm Diametre 7mm 90 Fergusson
canule-aspiration-frazier-08-52	instrument	aiguilles-canules	Canule Aspiration Frazier 08
canule-aspiration-frazier-10-53	instrument	aiguilles-canules	Canule Aspiration Frazier 10
canule-aspiration-frazier-12-54	instrument	aiguilles-canules	Canule Aspiration Frazier 12
canule-aspiration-frazier-15-55	instrument	aiguilles-canules	Canule Aspiration Frazier 15
canule-aspiration-irrigation-a-poignet-diam-5-pour-colio-56	instrument	aiguilles-canules	Canule Aspiration/Irrigation A Poignet Diam 5 Pour Colio
canule-d-aspiration-57	instrument	aiguilles-canules	Canule D'Aspiration
canule-d-aspiration-18cm-diametre-10mm-90-fergusson-58	instrument	aiguilles-canules	Canule D'Aspiration 18cm ; Diamètre 10mm, 90° (Fergusson)
canule-d-aspiration-18cm-diametre-15mm-90-fergusson-59	instrument	aiguilles-canules	Canule D'Aspiration 18cm ; Diamètre 15mm, 90° (Fergusson)
canule-d-aspiration-18cm-diametre-5mm-90-fergusson-60	instrument	aiguilles-canules	Canule D'Aspiration 18cm ; Diamètre 5mm, 90° (Fergusson)
canule-d-aspiration-18cm-diametre-7mm-90-fergusson-61	instrument	aiguilles-canules	Canule D'Aspiration 18cm ; Diamètre 7mm, 90° (Fergusson)
canule-d-aspiration-de-frazier-08-62	instrument	aiguilles-canules	Canule D'Aspiration De Frazier ° 08
canule-d-aspiration-de-frazier-10-63	instrument	aiguilles-canules	Canule D'Aspiration De Frazier ° 10
canule-d-aspiration-de-frazier-12-64	instrument	aiguilles-canules	Canule D'Aspiration De Frazier ° 12
canule-d-aspiration-de-frazier-15-65	instrument	aiguilles-canules	Canule D'Aspiration De Frazier ° 15
canule-d-aspiration-irrigation-a-poignet-basculant-d5mm-66	instrument	aiguilles-canules	Canule D'Aspiration Irrigation A Poignet Basculant D5mm
canule-d-aspiration-irrigation-a-poignet-diam-5-pour-colio-67	instrument	aiguilles-canules	Canule D'Aspiration/Irrigation A Poignet Diam 5 Pour Colio
canule-d-aspiration-robinet-68	instrument	aiguilles-canules	Canule D Aspiration / Robinet
canule-d-aspiration-tubes-69	instrument	aiguilles-canules	Canule D Aspiration / Tubes
canule-de-lipo-avec-troue-3-25-70	instrument	aiguilles-canules	Canule De Lipo Avec Troue 3/25
canule-de-lipo-avec-troue-4-25-71	instrument	aiguilles-canules	Canule De Lipo Avec Troue 4/25
canule-de-lipo-avec-troue-5-25-72	instrument	aiguilles-canules	Canule De Lipo Avec Troue 5/25
canule-infiltration-pour-irrigation-diam-2l25-73	instrument	aiguilles-canules	Canule Infiltration Pour Irrigation Diam 2L25
caspar-bone-curettes-22cm-3-6mm-74	instrument	autre	Caspar Bone Curettes( 22cm,3,6mm )
caspar-bone-curettes-22cm-4-4mm-75	instrument	autre	Caspar Bone Curettes(22cm,4,4mm)
caspar-bone-curettes-22cm-5-2mm-76	instrument	autre	Caspar Bone Curettes(22cm,5,2mm)
castro-porte-aiguille-vasculaire-l15cm-77	instrument	aiguilles-canules	Castro (Porte Aiguille Vasculaire L15cm)
castro-porte-aiguille-vasculaire-l23-78	instrument	aiguilles-canules	Castro (Porte Aiguille Vasculaire L23)
cavitron-79	equipment	bloc-operatoire	Cavitron
chaises-patients-avec-reposes-pieds-80	equipment	autre	Chaises Patients Avec Reposes Pieds
chariot-brancard-salle-de-reveil-81	equipment	mobilier-transport	Chariot Brancard ( Salle De Réveil)
chariot-d-urgence-82	equipment	mobilier-transport	Chariot D'Urgence
chariot-de-soins-83	equipment	mobilier-transport	Chariot De Soins
chariot-malade-84	equipment	mobilier-transport	Chariot Malade
chariot-pour-linges-propre-85	equipment	mobilier-transport	Chariot Pour Linges Propre
chariot-pour-rangement-panseur-bloc-operatoire-86	equipment	mobilier-transport	Chariot Pour Rangement Panseur Bloc Opératoire
chariots-de-transport-malades-87	equipment	mobilier-transport	Chariots De Transport Malades
chauffages-pour-patient-88	equipment	autre	Chauffages Pour Patient
chemise-10-89	instrument	optiques-endoscopie	Chemise 10
chemise-5-5-90	instrument	optiques-endoscopie	Chemise 5.5
ciseau-coelio-91	instrument	optiques-endoscopie	Ciseau Coelio
ciseau-metzembum-30cm-courbe-92	instrument	ciseaux-coupe	Ciseau Metzembum 30cm Courbe
ciseaux-a-droite-93	instrument	ciseaux-coupe	Ciseaux A Droite
ciseaux-a-dure-mere-taylor-17cm-94	instrument	ciseaux-coupe	Ciseaux À Dure Mère (Taylor) 17cm
ciseaux-coelio-diam-5-l33-courbe-95	instrument	optiques-endoscopie	Ciseaux Coelio Diam 5 L33 Courbe
ciseaux-de-metzenbaum-mors-12mm-96	instrument	ciseaux-coupe	Ciseaux De Metzenbaum Mors 12mm
ciseaux-mayo-courbe-14-cm-97	instrument	ciseaux-coupe	Ciseaux Mayo Courbe 14 cm
ciseaux-mayo-courbe-17-cm-98	instrument	ciseaux-coupe	Ciseaux Mayo Courbe 17 cm
ciseaux-mayo-courbe-20-cm-99	instrument	ciseaux-coupe	Ciseaux Mayo Courbe 20 cm
ciseaux-metez-courbe-14-cm-100	instrument	ciseaux-coupe	Ciseaux Metez Courbe 14 cm
ciseaux-metez-courbe-18-cm-101	instrument	ciseaux-coupe	Ciseaux Metez Courbe 18 cm
ciseaux-metez-courbe-20-cm-102	instrument	ciseaux-coupe	Ciseaux Metez Courbe 20 cm
ciseaux-metez-courbe-23-cm-103	instrument	ciseaux-coupe	Ciseaux Metez Courbe 23 cm
ciseaux-metz-courbe-18-cm-104	instrument	ciseaux-coupe	Ciseaux Metz Courbe 18 cm
ciseaux-vers-la-droite-105	instrument	ciseaux-coupe	Ciseaux Vers La Droite
ciseaux-vers-la-gauche-106	instrument	ciseaux-coupe	Ciseaux Vers La Gauche
cle-pour-moteur-107	instrument	autre	Cle Pour Moteur
colonne-endoscopie-moniteur-chariot-processeur-hd-generateur-lumiere-coloscope-fibroscope-108	equipment	imagerie	Colonne Endoscopie (Moniteur+Chariot+Processeur Hd +Génerateur Lumiere +Coloscope +Fibroscope)
console-ipc-et-garrot-ats3000-111	equipment	bloc-operatoire	Console Ipc Et Garrot Ats3000
conteneur-pour-boite-micro-chirurgie-avec-tapis-silicone-113	instrument	autre	Conteneur Pour Boite Micro Chirurgie (Avec Tapis Silicone)
coupe-broche-114	instrument	ciseaux-coupe	Coupe Broche
craniotome-neuro-115	equipment	bloc-operatoire	Craniotome (Neuro )
cripine-aspiration-faizer-diametre-6-116	instrument	autre	Cripine Aspiration Faizer Diametre 6
cripine-d-aspiration-faizer-diametre-6-117	instrument	autre	Cripine D'Aspiration Faizer Diamètre 6
crochet-ceramique-118	instrument	ecarteurs	Crochet Ceramique
crochet-cushing-18cm-119	instrument	ecarteurs	Crochet Cushing 18cm
crochet-dandy-mousse-courbe-22-cm-120	instrument	ecarteurs	Crochet Dandy Mousse Courbe 22 cm
crochet-dandy-mousse-droit-20-cm-121	instrument	ecarteurs	Crochet Dandy Mousse Droit 20 cm
crochet-hook-musse-122	instrument	ecarteurs	Crochet Hook Musse
crochet-mousse-droite-123	instrument	ecarteurs	Crochet Mousse Droite
crochets-en-l-diametre-05mm-124	instrument	ecarteurs	Crochets En L Diametre 05mm
cupule-125	instrument	autre	Cupule
cupule-15-cc-126	instrument	autre	Cupule 15 Cc
cupule-225-cc-127	instrument	autre	Cupule 225 Cc
cupule-75-cc-128	instrument	autre	Cupule 75 Cc
curette-00-129	instrument	autre	Curette 00
curette-1-130	instrument	autre	Curette 1
curette-2-131	instrument	autre	Curette 2
curette-3-132	instrument	autre	Curette 3
defibrilateur-basic-et-complet-134	equipment	reanimation	Defibrilateur (Basic Et Complet)
dissecteur-angle-droit-diam-10mm-135	instrument	autre	Dissecteur Angle Droit Diam 10mm
dmo-osteo-densito-metrie-appareil-lunar-dpx-136	equipment	autre	Dmo Osteo-Densito-Metrie Appareil Lunar Dpx
dmo-osteo-densito-metrie-l-appareil-lunar-dpx-137	equipment	autre	Dmo Osteo-Densito-Metrie L'Appareil Lunar Dpx
ecareteur-autostatique-mm-pointu-138	instrument	autre	Ecareteur Autostatique mm Pointu
ecarteur-a-bec-139	instrument	ecarteurs	Ecarteur À Bec
ecarteur-autostatique-weitlaner-17-cm-140	instrument	ecarteurs	Ecarteur Autostatique Weitlaner 17 cm
ecarteur-de-carpentier-141	instrument	ecarteurs	Ecarteur De Carpentier
ecarteur-de-farabeuf-14-cm-142	instrument	ecarteurs	Ecarteur De Farabeuf 14 cm
ecarteur-de-farabeuf-gm-143	instrument	ecarteurs	Ecarteur De Farabeuf Gm
ecarteur-en-z-pour-rhino-144	instrument	ecarteurs	Ecarteur En Z Pour Rhino
ecarteur-langenbek-14-70-145	instrument	ecarteurs	Ecarteur Langenbek 14 * 70
ecarteur-langenbek-14-x-70-146	instrument	ecarteurs	Ecarteur Langenbek 14 X 70
ecarteur-langenbek-60-20-147	instrument	ecarteurs	Ecarteur Langenbek 60 * 20
ecarteur-langenbek-60-x-20-148	instrument	ecarteurs	Ecarteur Langenbek 60 X 20
ecarteur-lateral-a-crochet-gauche-149	instrument	ecarteurs	Ecarteur Latéral À Crochet Gauche
ecarteur-sur-manche-obwegeser-courbe-150	instrument	ecarteurs	Ecarteur Sur Manche Obwegeser Courbe
ecg-151	equipment	monitoring	Ecg
echange-colonne-ceolio-152	equipment	bloc-operatoire	Echange Colonne Ceolio
echographe-en-remplacement-de-logic-e9-153	equipment	imagerie	Echographe En Remplacement De Logic E9
echographe-en-remplacement-de-voluson-e8-154	equipment	imagerie	Echographe En Remplacement De Voluson E8
echographe-en-remplacement-du-vivid-7-155	equipment	imagerie	Echographe En Remplacement Du Vivid 7
electrode-de-coagulation-156	instrument	cables-electrodes	Electrode De Coagulation
element-de-travail-actif-pour-resection-157	instrument	optiques-endoscopie	Element De Travail Actif Pour Resection
element-passif-pistolet-urologie-158	instrument	autre	Element Passif Pistolet Urologie
element-pour-uretrotomie-olympus-avec-gaine-externe-gaine-interne-et-obturateur-159	instrument	optiques-endoscopie	Element Pour Uretrotomie Olympus Avec Gaine Externe Gaine Interne Et Obturateur
epingle-de-bunt-pour-instruments-160	instrument	autre	Epingle De Bunt Pour Instruments
fibroscope-therapeutique-1t-161	equipment	autre	Fibroscope Therapeutique 1T
gaine-pour-coelio-162	instrument	optiques-endoscopie	Gaine Pour Coelio
gaine-pour-porte-aiguille-163	instrument	optiques-endoscopie	Gaine Pour Porte Aiguille
garrot-electrique-double-sortie-164	equipment	bloc-operatoire	Garrot Éléctrique Double Sortie
garrot-pneumatique-membre-inferieur-165	equipment	bloc-operatoire	Garrot Pneumatique Membre Inferieur
garrot-pneumatique-membre-superieur-166	equipment	bloc-operatoire	Garrot Pneumatique Membre Superieur
gastroscope-fibroscope-167	equipment	autre	Gastroscope (Fibroscope)
generateur-de-lumiere-168	equipment	autre	Générateur De Lumiére
generateur-processeur-olympus-evis-exera-iii-190-169	equipment	bloc-operatoire	Generateur Processeur Olympus Evis Exera Iii 190
gouge-18cm-5mm-170	instrument	autre	Gouge 18cm ; 5mm
gueridon-en-inox-pour-salle-de-cathe-171	equipment	autre	Gueridon En Inox Pour Salle De Cathé
holter-rythmique-172	equipment	monitoring	Holter Rythmique
holter-tensionnel-173	equipment	monitoring	Holter Tensionnel
insert-ciseaux-175	instrument	ciseaux-coupe	Insert Ciseaux
insert-fenetre-176	instrument	autre	Insert Fenetre
insert-porte-aiguille-177	instrument	aiguilles-canules	Insert Porte Aiguille
instrument-pour-vis-cassee-7-pieces-178	instrument	autre	Instrument Pour Vis Cassee 7 Pieces
joint-de-11-mm-pour-trocard-coelio-179	instrument	optiques-endoscopie	Joint De 11 mm Pour Trocard Coelio
joint-de-5mm-pour-trocard-coelio-180	instrument	optiques-endoscopie	Joint De 5mm Pour Trocard Coelio
joint-externe-diamatre-5-10-181	instrument	autre	Joint Externe Diamatre 5-10
joint-interne-diamatre-5-10-182	instrument	autre	Joint Interne Diamatre 5-10
joints-de-11mm-183	instrument	autre	Joints De 11mm
joints-de-5mm-184	instrument	autre	Joints De 5mm
kerisson-18cm-40-3mm-185	instrument	autre	Kérisson 18cm ; 40° ; 3mm
kerisson-up-2mm-186	instrument	autre	Kerisson Up (2mm)
kerisson-up-3mm-187	instrument	autre	Kerisson Up (3mm)
kerisson-up-4mm-188	instrument	autre	Kerisson Up (4mm)
kerisson-up-5mm-189	instrument	autre	Kerisson Up (5mm)
la-meme-variante-vaccuson-60-190	equipment	autre	La Meme Variante Vaccuson 60
lame-pour-sternotome-191	instrument	ciseaux-coupe	Lame Pour Sternotome
lame-pour-uretrotome-192	instrument	ciseaux-coupe	Lame Pour Uretrotome
lames-malleable-12-x200mm-193	instrument	autre	Lames Malléable 12 x200mm
laryngoscope-194	equipment	autre	Laryngoscope
lit-malade-de-reanimation-196	equipment	mobilier-transport	Lit Malade De Réanimation
lithoclast-197	equipment	bloc-operatoire	Lithoclast
lits-medicalises-198	equipment	mobilier-transport	Lits Médicalisés
machine-d-hemodiafiltration-continue-199	equipment	autre	Machine D'Hemodiafiltration Continue
mammographie-modele-standard-appareil-sonagraphe-800t-200	equipment	imagerie	Mammographie Modele Standard Appareil Sonagraphe 800T
mammographie-modele-standard-l-appareil-sonagraphe-800t-201	equipment	imagerie	Mammographie (Modèle Standard) L'Appareil Sonagraphe 800T
manche-avec-creamailleur-202	instrument	autre	Manche Avec Creamailleur
manche-de-bestouri-n4-203	instrument	autre	Manche De Bestouri N°4
manche-de-bistouri-n3-l-204	instrument	ciseaux-coupe	Manche De Bistouri N°3 L
manche-de-bistouri-n3-longue-205	instrument	ciseaux-coupe	Manche De Bistouri N°3 Longue
manche-de-bistouri-n4-l-206	instrument	ciseaux-coupe	Manche De Bistouri N°4 L
manche-de-bistouri-n7-207	instrument	ciseaux-coupe	Manche De Bistouri N°7
manche-lame-n4-208	instrument	ciseaux-coupe	Manche Lame N°4
manche-sans-cremailleur-209	instrument	autre	Manche Sans Cremailleur
mandrin-10-211	instrument	autre	Mandrin 10
mandrin-11-212	instrument	autre	Mandrin 11
mandrin-5-213	instrument	autre	Mandrin 5
mandrin-5-5-214	instrument	autre	Mandrin 5.5
mandrin-pour-gaine-cystonephroscopie-215	instrument	optiques-endoscopie	Mandrin Pour Gaine Cystonephroscopie
matelas-alternating-216	equipment	mobilier-transport	Matelas Alternating
matelas-de-transfert-malade-217	equipment	mobilier-transport	Matelas De Transfert Malade
matelas-des-lits-de-reanimation-orthopedique-218	equipment	reanimation	Matelas Des Lits De Reanimation Orthopedique
metzenbaum-fino-sciss-145mm-219	instrument	autre	Metzenbaum Fino Sciss (145mm)
metzenbaum-fino-sciss-180mm-220	instrument	autre	Metzenbaum Fino Sciss (180mm)
micro-moteur-piece-a-main-longue-pour-la-chirurgie-fine-maxilo-orl-221	equipment	bloc-operatoire	Micro Moteur+Piece A Main (Longue ) Pour La Chirurgie Fine Maxilo, Orl
mise-a-niveau-de-la-colonne-pour-urologie-222	equipment	bloc-operatoire	Mise A Niveau De La Colonne Pour Urologie
mondrin-jacob-223	instrument	autre	Mondrin Jacob
moniteurs-de-surveillance-avec-pi-224	equipment	monitoring	Moniteurs De Surveillance Avec Pi
moniteurs-de-transport-225	equipment	monitoring	Moniteurs De Transport
moteur-d-irrigation-227	equipment	bloc-operatoire	Moteur D Irrigation
moteur-et-scie-avec-batterie-pour-orthopedie-228	equipment	bloc-operatoire	Moteur Et Scie Avec Batterie Pour Orthopédie
neuronavigation-229	equipment	bloc-operatoire	Neuronavigation
neurostimulateur-230	equipment	bloc-operatoire	Neurostimulateur
nutripompe-232	equipment	autre	Nutripompe
obturateur-233	instrument	autre	Obturateur
optiflow-avec-accessoire-et-assistance-respiratoire-235	equipment	reanimation	Optiflow Avec Accessoire Et Assistance Réspiratoire
optique-0-diametre-5-pour-coelio-236	instrument	optiques-endoscopie	Optique 0°, Diamètre 5 Pour Coelio
optique-30-arthroscopie-237	instrument	optiques-endoscopie	Optique 30° Arthroscopie
optique-30-diametre-10-pour-coelio-238	instrument	optiques-endoscopie	Optique 30° Diametre 10 Pour Coelio
optique-30-diametre-4-pour-coelio-239	instrument	optiques-endoscopie	Optique 30°, Diamètre 4 Pour Coelio
optique-autoclavable-4mm-30-hd-240	instrument	optiques-endoscopie	Optique Autoclavable 4MM, 30° Hd
optique-diam-4-l30-30-241	instrument	optiques-endoscopie	Optique Diam 4 L30 30°
optique-diam-4mm-0-l30cm-242	instrument	optiques-endoscopie	Optique Diam 4mm 0° L30cm
optique-diam10-0-l30cm-243	instrument	optiques-endoscopie	Optique Diam10 0° L30cm
osteotome-pour-rhino-a-droite-244	instrument	autre	Ostéotome Pour Rhino A Droite
osteotome-pour-rhino-a-gauche-245	instrument	autre	Ostéotome Pour Rhino A Gauche
palpateur-droit-246	instrument	autre	Palpateur Droit
paravant-pour-la-salle-de-reveil-247	equipment	autre	Paravant Pour La Salle De Reveil
piece-allesage-249	instrument	autre	Piece Allesage
pied-a-coulisse-250	instrument	autre	Pied A Coulisse
pince-a-biopsie-diam-5mm-251	instrument	pinces-prehension	Pince A Biopsie Diam 5mm
pince-a-calcul-pour-uretheroscopie-252	instrument	pinces-prehension	Pince A Calcul Pour Uretheroscopie
pince-a-calcul-urologie-253	instrument	pinces-prehension	Pince A Calcul Urologie
pince-a-calcule-flexible-254	instrument	pinces-prehension	Pince A Calcule Flexible
pince-a-champs-255	instrument	pinces-prehension	Pince À Champs
pince-a-clip-256	instrument	pinces-prehension	Pince A Clip
pince-a-clip-diam-10meduim-large-257	instrument	pinces-prehension	Pince A Clip Diam 10meduim/Large
pince-a-clip-pour-anevrysme-258	instrument	pinces-prehension	Pince A Clip Pour Anevrysme
pince-a-clip-pour-coelio-259	instrument	optiques-endoscopie	Pince A Clip Pour Coelio
pince-a-disque-1-jeux-5-pieces-260	instrument	pinces-prehension	Pince A Disque / 1 Jeux = 5 Pieces
pince-a-disque-droit-2-10mm-long-18-cm-261	instrument	pinces-prehension	Pince À Disque Droit (2*10mm) Long 18 cm
pince-a-disque-droit-2x10mm-long-18-cm-262	instrument	pinces-prehension	Pince A Disque Droit 2x10mm Long 18 cm
pince-a-disque-droit-3-10-mm-263	instrument	pinces-prehension	Pince À Disque Droit 3*10 mm
pince-a-disque-droit-3x10-mm-264	instrument	pinces-prehension	Pince A Disque Droit 3x10 mm
pince-a-disque-droit-4-10-mm-265	instrument	pinces-prehension	Pince À Disque Droit 4*10 mm
pince-a-disque-droit-4x10-mm-266	instrument	pinces-prehension	Pince A Disque Droit 4x10 mm
pince-a-disque-kerisson-45-3-mm-long-18-cm-267	instrument	pinces-prehension	Pince À Disque Kerisson 45° 3 mm Long 18 cm
pince-a-disque-kerisson-45-4-mm-long-18-cm-268	instrument	pinces-prehension	Pince À Disque Kerisson 45° 4 mm Long 18 cm
pince-a-disque-kerisson-haut-3-mm-long-10-cm-269	instrument	pinces-prehension	Pince À Disque Kerisson Haut 3 mm Long 10 cm
pince-a-disseque-avec-griffe-30cm-270	instrument	pinces-prehension	Pince A Dissequé Avec Griffe 30cm
pince-a-disseque-sans-griffe-30cm-271	instrument	pinces-prehension	Pince A Dissequé Sans Griffe 30cm
pince-a-dissequer-a-g-18-cm-272	instrument	pinces-prehension	Pince À Dissequer A/G 18 cm
pince-a-dissequer-adson-a-g-15-cm-273	instrument	pinces-prehension	Pince À Dissequer Adson A/G 15 cm
pince-a-dissequer-atraumatique-20-cm-274	instrument	pinces-prehension	Pince À Dissequer Atraumatique 20 cm
pince-a-dissequer-de-bakey-a-g-17-cm-275	instrument	pinces-prehension	Pince À Dissequer De Bakey A/G 17 cm
pince-a-dissequer-en-bayonet-276	instrument	pinces-prehension	Pince À Dissequer En Bayonet
pince-a-dissequer-fine-277	instrument	pinces-prehension	Pince A Dissequer Fine
pince-a-dissiquer-dubakey-18-cm-278	instrument	pinces-prehension	Pince A Dissiquer Dubakey 18 cm
pince-a-tumeur-yasargil-220mm-diametre-5mm-279	instrument	pinces-prehension	Pince À Tumeur Yasargil 220mm ; Diamètre 5mm
pince-aprehension-olymus-280	instrument	pinces-prehension	Pince Aprehension Olymus
pince-basket-45-courbe-a-droite-281	instrument	pinces-prehension	Pince Basket 45° Courbe A Droite
pince-basket-45-courbe-a-gauche-282	instrument	pinces-prehension	Pince Basket 45° Courbe A Gauche
pince-basket-a-droite-283	instrument	pinces-prehension	Pince Basket A Droite
pince-basket-a-droite-vers-le-haut-284	instrument	pinces-prehension	Pince Basket A Droite Vers Le Haut
pince-beingolea-avec-griffe-courbe-26-cm-285	instrument	pinces-prehension	Pince Beingolea Avec Griffe Courbe 26 cm
pince-beingolea-avec-griffe-droit-26-cm-286	instrument	pinces-prehension	Pince Beingolea Avec Griffe Droit 26 cm
pince-beingolea-sans-griffe-courbe-26-cm-287	instrument	pinces-prehension	Pince Beingolea Sans Griffe Courbe 26 cm
pince-beingolea-sans-griffe-droit-26-cm-288	instrument	pinces-prehension	Pince Beingolea Sans Griffe Droit 26 cm
pince-bipolaire-non-stick-289	instrument	pinces-prehension	Pince Bipolaire Non Stick
pince-chapu-15-cm-290	instrument	pinces-prehension	Pince Chapu 15 cm
pince-chapu-18-cm-291	instrument	pinces-prehension	Pince Chapu 18 cm
pince-coupante-liston-292	instrument	pinces-prehension	Pince Coupante Liston
pince-coupe-fil-293	instrument	pinces-prehension	Pince Coupe Fil
pince-crocodille-gm-294	instrument	pinces-prehension	Pince Crocodille Gm
pince-d-ablation-sonde-jj-295	instrument	pinces-prehension	Pince D Ablation Sonde Jj
pince-de-cushing-296	instrument	pinces-prehension	Pince De Cushing
pince-dissecteur-297	instrument	pinces-prehension	Pince Dissecteur
pince-en-coeur-14-cm-298	instrument	pinces-prehension	Pince En Cœur 14 cm
pince-en-coeur-18-cm-299	instrument	pinces-prehension	Pince En Cœur 18 cm
pince-fenetree-300	instrument	pinces-prehension	Pince Fenetree
pince-first-pass-301	instrument	pinces-prehension	Pince First Pass
pince-foger-18-cm-302	instrument	pinces-prehension	Pince Foger 18 cm
pince-gouge-adson-rongeur-303	instrument	pinces-prehension	Pince Gouge Adson Rongeur
pince-gouge-coudee-19-cm-304	instrument	pinces-prehension	Pince Gouge Coudée 19 cm
pince-gouge-ruskin-18-4-cm-305	instrument	pinces-prehension	Pince Gouge Ruskin 18.4 cm
pince-gouge-simple-306	instrument	pinces-prehension	Pince Gouge Simple
pince-hemostatique-avec-griffe-12-cm-307	instrument	pinces-prehension	Pince Hemostatique Avec Griffe 12 cm
pince-hemostatique-avec-griffe-15-cm-308	instrument	pinces-prehension	Pince Hemostatique Avec Griffe 15 cm
pince-hemostatique-sans-griffe-12-cm-309	instrument	pinces-prehension	Pince Hemostatique Sans Griffe 12 cm
pince-hemostatique-sans-griffe-15-cm-310	instrument	pinces-prehension	Pince Hemostatique Sans Griffe 15 cm
pince-kerison-2-18-40-311	instrument	pinces-prehension	Pince Kerison (2*18) 40°
pince-kerison-2x18-40-312	instrument	pinces-prehension	Pince Kerison 2x18 40
pince-kerison-5-18-40-313	instrument	pinces-prehension	Pince Kerison (5*18) 40°
pince-kerison-5x18-40-314	instrument	pinces-prehension	Pince Kerison 5x18 40
pince-kerisson-1-jeux-5-pieces-315	instrument	pinces-prehension	Pince Kerisson / 1 Jeux = 5 Pieces
pince-kocher-15-cm-316	instrument	pinces-prehension	Pince Kocher 15 cm
pince-kocher-18-cm-317	instrument	pinces-prehension	Pince Kocher 18 cm
pince-kocher-a-g-15-cm-318	instrument	pinces-prehension	Pince Kocher A/G 15 cm
pince-kocher-a-g-16-cm-319	instrument	pinces-prehension	Pince Kocher A/G 16 cm
pince-leriche-courbe-s-g-16-cm-320	instrument	pinces-prehension	Pince Leriche Courbe S/G 16 cm
pince-longuette-courbe-24-cm-321	instrument	pinces-prehension	Pince Longuette Courbe 24 cm
pince-magique-322	instrument	pinces-prehension	Pince Magique
pince-museux-pour-coelio-diam-10-l33-cm-323	instrument	optiques-endoscopie	Pince Museux Pour Coelio Diam 10 L33 cm
pince-passe-fil-45-vers-la-droite-324	instrument	pinces-prehension	Pince Passe Fil 45 Vers La Droite
pince-passe-fil-45-vers-la-gauche-325	instrument	pinces-prehension	Pince Passe Fil 45 Vers La Gauche
pince-passe-fil-courbe-vers-la-droite-326	instrument	pinces-prehension	Pince Passe Fil Courbe Vers La Droite
pince-passe-fil-courbe-vers-la-gauche-327	instrument	pinces-prehension	Pince Passe Fil Courbe Vers La Gauche
pince-pean-s-g-droit-14-cm-328	instrument	pinces-prehension	Pince Pean S/G Droit 14 cm
pince-plate-329	instrument	pinces-prehension	Pince Plate
pince-pour-biopcie-ref-27072mc-330	instrument	pinces-prehension	Pince Pour Biopcie Ref 27072MC
pince-prehension-331	instrument	pinces-prehension	Pince Prehension
pince-resano-23cm-332	instrument	pinces-prehension	Pince Resano 23cm
pince-ronde-pour-boite-broche-333	instrument	pinces-prehension	Pince Ronde Pour Boite Broche
pince-rongeur-neuro-gm-334	instrument	pinces-prehension	Pince Rongeur Neuro Gm
pinces-a-clip-d10mm-medium-large-335	instrument	pinces-prehension	Pinces A Clip D10mm Medium Large
pinces-a-coeur-16cm-336	instrument	pinces-prehension	Pinces À Cœur 16cm
pinces-d-alice-14cm-337	instrument	pinces-prehension	Pinces D'Alice 14cm
pinces-de-baquet-338	instrument	pinces-prehension	Pinces De Baquet
pinces-de-maryland-d-05mm-339	instrument	pinces-prehension	Pinces De Maryland D 05mm
pinces-fenetree-mors-26mm-d-05mm-340	instrument	pinces-prehension	Pinces Fenetree Mors 26mm D 05mm
pinces-museux-type-crocodile-diam-10mm-341	instrument	pinces-prehension	Pinces Museux Type Crocodile Diam 10mm
plan-incline-pour-le-traitement-des-seins-342	equipment	autre	Plan Incline Pour Le Traitement Des Seins
plaque-pour-dermatome-345	instrument	autre	Plaque Pour Dermatome
plateau-inox-346	instrument	autre	Plateau Inox
poignet-americain-nez-americain-347	instrument	autre	Poignet Americain Nez Americain
porte-aiguille-18-cm-348	instrument	aiguilles-canules	Porte-Aiguille 18 cm
porte-aiguille-30cm-349	instrument	aiguilles-canules	Porte Aiguille 30cm
porte-aiguille-castrofijo-350	instrument	aiguilles-canules	Porte Aiguille Castrofijo
porte-aiguille-crile-wood-15-cm-351	instrument	aiguilles-canules	Porte-Aiguille Crile Wood 15 cm
porte-aiguille-mayo-hegar-l-14-352	instrument	aiguilles-canules	Porte Aiguille Mayo Hegar L 14
porte-aiguille-mayo-hegar-l-16-353	instrument	aiguilles-canules	Porte Aiguille Mayo Hegar L 16
porte-aiguille-mayo-hegar-l-18-354	instrument	aiguilles-canules	Porte Aiguille Mayo Hegar L 18
porte-aiguille-mayo-hegar-l-20-355	instrument	aiguilles-canules	Porte Aiguille Mayo Hegar L 20
porte-aiguille-mors-forts-et-courts-pour-aiguilles-2-0-d5mm-356	instrument	aiguilles-canules	Porte Aiguille Mors Forts Et Courts Pour Aiguilles 2/0 D5mm
porte-aiguille-vasculaire-357	instrument	aiguilles-canules	Porte Aiguille Vasculaire
porte-batterie-358	instrument	autre	Porte Batterie
pousses-noeud-diam-05mm-359	instrument	autre	Pousses Nœud Diam 05mm
pousses-serringue-360	equipment	autre	Pousses Serringue
presse-pour-plaques-arbre-fixe-361	instrument	autre	Presse Pour Plaques + Arbre Fixe
radio-mobile-362	equipment	imagerie	Radio Mobile
radio-mobile-analogique-363	equipment	imagerie	Radio Mobile Analogique
rechauffeur-364	equipment	autre	Rechauffeur
rechauffeur-a-sang-365	equipment	autre	Réchauffeur À Sang
rechauffeur-de-gaz-pour-la-nouvelle-colonne-de-coelio-4k-366	equipment	bloc-operatoire	Rechauffeur De Gaz Pour La Nouvelle Colonne De Coelio 4K
rechauffeurs-pour-malade-367	equipment	autre	Réchauffeurs Pour Malade
reducteurs-11mm-5-5mm-368	instrument	autre	Reducteurs 11mm/5.5mm
refrigerateur-medicaments-369	equipment	autre	Refrigérateur Médicaments
regine-de-cobb-6-8-12mm-370	instrument	autre	Regine De Cobb 6/8/12mm
resecteur-complet-ch24-371	instrument	optiques-endoscopie	Resecteur Complet Ch24
resecteur-lame-372	instrument	optiques-endoscopie	Resecteur + Lame
respirateur-de-rea-module-metabolisme-crf-373	equipment	reanimation	Respirateur De Réa, Module Métabolisme + Crf
respirateur-de-transport-374	equipment	reanimation	Respirateur De Transport
respirateurs-de-rea-375	equipment	reanimation	Respirateurs De Rea
rongeur-cushing-str-180mm-2-10mm-376	instrument	autre	Rongeur Cushing Str 180mm,2*10mm
rongeur-cushing-str-180mm-2x10mm-377	instrument	autre	Rongeur Cushing Str 180mm 2x10mm
rongeur-cushing-str180mm-1-5x10mm-378	instrument	autre	Rongeur Cushing Str180mm 1.5x10mm
rongeur-love-grunw-str-and-up-180mm-3-10mm-379	instrument	autre	Rongeur Love-Grunw,Str And Up 180mm,3*10mm
rongeur-love-grunw-str-and-up-180mm-3x10mm-380	instrument	autre	Rongeur Love-Grunw Str And Up 180mm 3x10mm
rongeur-spurling-str-180mm-4-10mm-381	instrument	autre	Rongeur Spurling,Str 180mm,4*10mm
rongeur-spurling-str-180mm-4x10mm-382	instrument	autre	Rongeur Spurling Str 180mm 4x10mm
rugine-de-cobb-09-5-mm-long-30-mm-383	instrument	autre	Rugine De Cobb 09.5 mm Long 30 mm
rugine-de-cobb-13-mm-long-30-cm-384	instrument	autre	Rugine De Cobb 13 mm Long 30 cm
rugine-de-cobb-19-mm-long-30-cm-385	instrument	autre	Rugine De Cobb 19 mm Long 30 cm
rugine-droite-faraboeuf-15cm-12-5mm-386	instrument	autre	Rugine Droite (Faraboeuf) 15cm ; 12.5mm
scialytique-mobile-avec-batterie-387	equipment	bloc-operatoire	Scialytique Mobile Avec Batterie
scialytiques-plafonnieres-388	equipment	bloc-operatoire	Scialytiques Plafonnieres
serre-noeud-389	instrument	porte-aiguilles-sutures	Serre Nœud
spatule-double-391	instrument	ecarteurs	Spatule Double
spatule-double-large-392	instrument	ecarteurs	Spatule Double Large
spatule-double-mousse-393	instrument	ecarteurs	Spatule Double Mousse
spatule-freer-20cm-6-5mm-394	instrument	ecarteurs	Spatule Freer 20cm ; 6.5mm
spatule-sachs-18cm-5mm-395	instrument	ecarteurs	Spatule (Sachs) 18cm ; 5mm
sternotome-396	instrument	autre	Sternotome
support-monbile-pour-bocale-d-aspiration-4-l-double-397	instrument	autre	Support Monbile Pour Bocale D'Aspiration 4 L Double
table-de-radiologie-numerisee-400	equipment	imagerie	Table De Radiologie Numérisée
tabourets-401	equipment	mobilier-transport	Tabourets
tire-bouchon-402	instrument	autre	Tire Bouchon
trocart-de-cushing-pour-ponction-403	instrument	optiques-endoscopie	Trocart De Cushing (Pour Ponction)
trocarts-d11mm-avec-mandrin-404	instrument	optiques-endoscopie	Trocarts D11mm Avec Mandrin
trocarts-d5-5mm-avec-mandrin-405	instrument	optiques-endoscopie	Trocarts D5.5mm Avec Mandrin
unite-endoscopie-406	equipment	imagerie	Unité Endoscopie
ureteroscope-semi-rigide-contenaire-407	equipment	autre	Urétéroscope Semi-Rigide + Contenaire
v1-408	equipment	autre	V1
v2-409	equipment	autre	V2
v3-410	equipment	autre	V3
valve-lumineuse-chirurgie-esthetique-411	instrument	autre	Valve Lumineuse Chirurgie Esthétique
video-colonoscope-gastroscopie-412	equipment	imagerie	Vidéo-Colonoscope+Gastroscopie
video-laryngoscope-413	equipment	autre	Vidéo Laryngoscope